invoice_id,store_id,customer_id,invoice_date,discount
2001,48,386,12/2/2021,$9.24 
2002,72,1029,1/9/2022,$1.94 
2003,31,1675,4/22/2022,$9.67 
2004,74,1214,4/8/2023,$6.71 
2005,23,630,8/22/2022,$6.96 
2006,24,304,6/7/2021,$3.92 
2007,45,984,12/19/2020,$7.71 
2008,98,509,9/23/2021,$5.73 
2009,55,1052,7/6/2021,$0.18 
2010,54,1041,11/13/2022,$8.19 
2011,30,1797,3/26/2022,$5.73 
2012,95,219,3/1/2023,$1.79 
2013,94,1612,10/23/2022,$2.28 
2014,21,242,2/6/2021,$5.21 
2015,42,577,11/12/2022,$7.13 
2016,28,1234,2/26/2021,$8.00 
2017,97,620,11/4/2022,$3.99 
2018,14,527,3/29/2022,$1.59 
2019,63,1405,11/5/2022,$7.12 
2020,98,468,11/24/2022,$0.90 
2021,43,790,5/16/2021,$5.43 
2022,19,1869,1/19/2022,$8.40 
2023,94,1302,5/12/2023,$8.21 
2024,99,170,11/7/2022,$3.23 
2025,64,1405,3/10/2021,$7.45 
2026,88,316,7/10/2022,$6.07 
2027,76,1208,11/6/2021,$4.94 
2028,39,1805,10/24/2020,$0.41 
2029,38,1341,4/13/2023,$6.84 
2030,67,595,3/6/2023,$9.86 
2031,63,1050,9/30/2021,$9.59 
2032,91,1276,8/4/2020,$9.87 
2033,93,112,12/25/2021,$6.76 
2034,91,683,4/5/2022,$1.56 
2035,22,1213,1/2/2022,$7.37 
2036,69,7,2/24/2023,$9.74 
2037,39,394,1/8/2021,$5.11 
2038,37,604,7/2/2022,$4.49 
2039,29,538,7/28/2021,$2.67 
2040,28,1162,7/30/2021,$2.00 
2041,58,696,1/6/2022,$9.74 
2042,98,731,8/12/2020,$0.39 
2043,51,1760,12/1/2020,$7.84 
2044,56,1814,3/14/2023,$4.91 
2045,61,731,4/30/2022,$6.63 
2046,64,497,3/2/2021,$3.73 
2047,38,706,7/27/2022,$0.56 
2048,51,894,11/21/2021,$8.80 
2049,26,337,9/3/2021,$8.29 
2050,23,1564,2/2/2023,$5.81 
2051,63,824,11/21/2021,$8.08 
2052,54,1707,8/31/2021,$8.32 
2053,36,1873,11/2/2020,$7.48 
2054,40,1541,6/28/2023,$4.75 
2055,39,828,6/2/2022,$1.13 
2056,79,260,11/17/2021,$5.45 
2057,80,1481,4/16/2022,$4.67 
2058,99,1549,2/15/2023,$7.43 
2059,50,1011,3/20/2022,$4.83 
2060,38,1123,11/21/2021,$7.44 
2061,51,296,6/8/2023,$1.36 
2062,97,1033,12/7/2020,$2.26 
2063,69,880,8/16/2022,$7.50 
2064,15,870,12/2/2022,$6.13 
2065,28,66,5/10/2021,$1.31 
2066,45,798,9/22/2021,$0.19 
2067,92,814,4/29/2021,$1.64 
2068,46,1355,3/14/2021,$2.36 
2069,95,232,3/1/2023,$4.48 
2070,77,773,6/14/2023,$4.36 
2071,64,1359,4/18/2023,$4.67 
2072,60,1713,11/20/2022,$6.75 
2073,54,1781,12/27/2021,$8.09 
2074,12,1164,4/24/2022,$0.79 
2075,70,385,8/15/2021,$3.68 
2076,36,1223,8/26/2020,$1.33 
2077,92,750,3/20/2023,$3.79 
2078,27,889,11/22/2021,$2.05 
2079,27,543,5/16/2022,$6.68 
2080,65,1632,6/19/2022,$9.93 
2081,48,1808,9/19/2020,$5.49 
2082,59,1724,5/12/2023,$5.09 
2083,75,907,12/28/2020,$3.66 
2084,28,804,1/14/2021,$9.32 
2085,51,908,1/12/2021,$0.84 
2086,19,375,6/22/2022,$6.53 
2087,90,1790,8/11/2020,$4.65 
2088,61,37,6/15/2021,$5.23 
2089,52,573,7/17/2020,$5.61 
2090,88,606,10/25/2021,$3.70 
2091,99,949,7/19/2022,$7.74 
2092,29,1541,5/2/2023,$0.88 
2093,53,332,8/7/2022,$3.25 
2094,55,1500,1/28/2022,$6.97 
2095,30,1698,3/11/2023,$5.24 
2096,30,1585,3/8/2021,$8.16 
2097,79,1505,3/12/2023,$1.01 
2098,79,437,4/3/2023,$4.53 
2099,32,234,12/30/2020,$0.51 
2100,85,847,7/21/2020,$4.42 
2101,15,1486,12/26/2020,$0.22 
2102,17,1075,1/17/2022,$5.75 
2103,97,1551,7/20/2021,$6.83 
2104,62,848,4/8/2021,$3.91 
2105,44,1144,3/13/2022,$6.84 
2106,62,1855,5/9/2023,$6.68 
2107,93,650,10/22/2022,$8.28 
2108,44,326,2/25/2022,$8.64 
2109,92,41,1/27/2021,$1.26 
2110,32,1409,3/12/2022,$0.96 
2111,13,1498,10/10/2022,$2.73 
2112,32,718,1/16/2021,$1.33 
2113,39,1756,11/20/2021,$0.42 
2114,49,238,10/28/2020,$1.53 
2115,69,449,5/23/2023,$0.43 
2116,70,1706,3/18/2023,$3.07 
2117,85,516,9/3/2021,$3.76 
2118,40,694,11/26/2020,$3.80 
2119,68,735,8/13/2021,$9.01 
2120,91,470,11/19/2021,$5.12 
2121,44,1737,6/30/2023,$0.67 
2122,73,1553,8/29/2021,$2.90 
2123,73,1544,4/10/2023,$9.03 
2124,16,260,2/13/2022,$9.49 
2125,69,380,1/2/2023,$5.99 
2126,62,1536,11/27/2021,$4.12 
2127,37,1514,3/29/2022,$0.79 
2128,89,321,12/10/2020,$6.74 
2129,67,162,4/29/2021,$3.53 
2130,59,172,3/17/2021,$4.65 
2131,78,352,2/10/2021,$0.47 
2132,81,237,1/6/2023,$0.34 
2133,88,150,4/2/2022,$5.01 
2134,98,691,12/10/2021,$2.10 
2135,92,557,6/1/2023,$7.75 
2136,18,1226,4/29/2021,$1.23 
2137,26,500,6/6/2021,$8.78 
2138,26,1357,11/11/2020,$2.19 
2139,38,393,1/2/2021,$1.28 
2140,98,914,12/25/2021,$0.19 
2141,73,113,10/23/2021,$4.44 
2142,94,739,8/17/2022,$0.67 
2143,46,1376,2/13/2022,$5.44 
2144,86,415,1/1/2022,$3.00 
2145,98,100,4/20/2022,$3.08 
2146,61,653,11/6/2020,$2.86 
2147,53,1207,10/31/2021,$0.41 
2148,78,53,5/23/2023,$3.91 
2149,75,947,5/4/2022,$1.58 
2150,11,1333,3/13/2023,$6.34 
2151,92,1167,3/21/2021,$8.05 
2152,32,1435,8/5/2021,$5.15 
2153,18,1002,6/2/2021,$3.42 
2154,39,11,12/8/2021,$0.55 
2155,36,1083,5/25/2023,$2.31 
2156,60,238,10/15/2020,$1.27 
2157,63,959,3/5/2021,$0.08 
2158,42,142,5/23/2022,$0.39 
2159,82,749,4/6/2022,$9.00 
2160,77,1084,6/24/2022,$3.59 
2161,46,516,3/19/2023,$4.32 
2162,82,620,3/18/2022,$3.20 
2163,70,846,9/21/2022,$5.72 
2164,84,632,1/18/2022,$0.20 
2165,37,1279,12/26/2022,$9.34 
2166,56,1218,11/10/2020,$4.28 
2167,56,542,12/23/2021,$1.19 
2168,59,1125,11/27/2021,$4.87 
2169,84,1279,2/14/2022,$0.52 
2170,32,762,7/2/2021,$7.56 
2171,14,514,5/23/2022,$4.10 
2172,28,1625,10/26/2020,$6.37 
2173,97,274,10/14/2022,$8.67 
2174,76,883,6/6/2023,$8.87 
2175,76,590,7/6/2021,$6.33 
2176,16,150,11/1/2022,$9.69 
2177,33,989,10/18/2020,$3.83 
2178,15,674,11/9/2022,$1.17 
2179,82,1681,3/19/2023,$2.87 
2180,28,186,3/4/2021,$0.71 
2181,70,813,1/7/2021,$6.70 
2182,92,1298,5/4/2023,$7.36 
2183,11,1115,2/7/2023,$2.63 
2184,84,434,2/17/2022,$9.09 
2185,58,30,5/11/2023,$9.69 
2186,33,745,11/7/2020,$2.55 
2187,91,1276,3/6/2022,$9.74 
2188,83,1136,3/11/2023,$1.21 
2189,93,1736,9/3/2021,$7.31 
2190,21,591,8/11/2022,$8.68 
2191,64,645,5/5/2023,$0.15 
2192,53,387,2/3/2022,$5.57 
2193,95,1449,8/21/2022,$0.71 
2194,58,1778,12/3/2021,$4.04 
2195,33,14,11/10/2021,$5.80 
2196,39,750,1/21/2021,$7.38 
2197,82,204,6/10/2023,$5.77 
2198,43,710,1/16/2021,$8.98 
2199,57,967,3/12/2023,$7.71 
2200,91,1492,8/17/2022,$1.78 
2201,68,876,5/27/2021,$5.53 
2202,14,414,6/17/2023,$1.49 
2203,26,1845,1/9/2022,$8.35 
2204,69,743,10/29/2020,$0.34 
2205,68,1348,11/28/2021,$1.83 
2206,32,1875,10/5/2021,$9.21 
2207,62,634,1/23/2023,$2.50 
2208,79,750,9/19/2021,$2.57 
2209,22,1403,10/15/2021,$9.24 
2210,43,1520,6/8/2023,$5.10 
2211,94,560,5/1/2022,$3.91 
2212,85,1668,3/6/2021,$0.60 
2213,35,170,12/6/2020,$1.02 
2214,45,1307,4/8/2021,$9.84 
2215,74,562,7/24/2020,$7.55 
2216,44,233,9/3/2020,$3.35 
2217,12,389,8/14/2022,$9.06 
2218,21,883,7/4/2020,$3.97 
2219,54,341,3/21/2021,$7.61 
2220,97,330,6/6/2022,$8.44 
2221,19,113,2/25/2022,$2.61 
2222,36,1682,12/4/2020,$7.80 
2223,70,531,1/1/2023,$0.35 
2224,48,409,1/6/2021,$2.24 
2225,54,516,11/27/2022,$4.62 
2226,38,228,8/27/2021,$3.46 
2227,34,923,4/30/2022,$3.38 
2228,65,1689,5/7/2021,$1.19 
2229,49,1441,1/3/2023,$2.72 
2230,37,339,1/11/2022,$6.63 
2231,55,1002,4/21/2022,$4.38 
2232,21,1587,3/10/2023,$2.46 
2233,16,1484,6/13/2022,$8.83 
2234,98,1684,2/2/2023,$2.87 
2235,99,519,1/31/2023,$3.74 
2236,73,842,10/21/2020,$6.63 
2237,36,1307,6/25/2022,$6.85 
2238,59,1403,7/19/2022,$4.09 
2239,42,1811,12/26/2020,$1.43 
2240,95,131,12/18/2021,$8.99 
2241,74,1447,2/2/2023,$6.13 
2242,32,1052,8/19/2020,$2.91 
2243,93,719,2/2/2021,$8.15 
2244,21,980,12/4/2022,$7.59 
2245,25,925,6/18/2022,$0.27 
2246,59,1356,11/3/2020,$3.51 
2247,95,1375,10/26/2022,$0.75 
2248,13,244,9/17/2020,$5.55 
2249,70,129,10/17/2020,$1.49 
2250,18,1233,10/6/2022,$2.88 
2251,35,1760,10/31/2022,$4.46 
2252,14,1334,1/15/2021,$3.94 
2253,41,1563,3/5/2022,$6.07 
2254,91,816,7/25/2022,$1.93 
2255,61,1019,10/28/2022,$5.43 
2256,98,1471,5/9/2022,$4.89 
2257,87,1294,8/23/2020,$1.20 
2258,33,1384,1/16/2021,$9.16 
2259,89,1374,7/17/2022,$4.14 
2260,50,1717,2/28/2023,$2.54 
2261,63,1216,3/26/2023,$1.12 
2262,15,1225,1/15/2023,$4.09 
2263,63,333,11/26/2022,$1.86 
2264,72,639,4/13/2023,$1.88 
2265,82,750,3/11/2021,$3.07 
2266,56,479,9/27/2021,$9.70 
2267,66,101,9/15/2021,$6.90 
2268,55,1701,1/25/2022,$2.84 
2269,83,1493,11/14/2020,$6.07 
2270,10,232,5/27/2023,$4.94 
2271,69,878,8/25/2021,$5.70 
2272,51,1188,2/14/2023,$6.24 
2273,54,1276,10/8/2020,$0.65 
2274,90,179,2/17/2021,$4.26 
2275,65,1748,12/1/2022,$2.57 
2276,13,1833,4/14/2021,$2.87 
2277,89,1037,9/18/2020,$1.30 
2278,22,563,12/14/2022,$6.28 
2279,19,433,4/7/2022,$5.67 
2280,92,604,5/7/2023,$0.69 
2281,47,912,3/22/2022,$1.49 
2282,56,1829,5/20/2023,$8.03 
2283,89,59,6/10/2021,$2.44 
2284,95,564,11/11/2022,$0.17 
2285,19,965,9/30/2020,$5.47 
2286,75,922,3/24/2023,$7.32 
2287,69,1600,6/8/2021,$5.33 
2288,16,91,11/2/2022,$6.54 
2289,33,1168,8/31/2022,$0.31 
2290,49,1592,11/19/2020,$0.09 
2291,23,1623,5/7/2022,$7.48 
2292,57,1867,12/31/2020,$5.57 
2293,85,58,4/27/2022,$5.22 
2294,68,1094,7/30/2022,$1.45 
2295,38,780,7/31/2020,$8.63 
2296,80,152,9/25/2022,$8.15 
2297,45,808,10/28/2021,$3.38 
2298,29,959,9/11/2021,$8.76 
2299,75,891,8/22/2021,$0.06 
2300,34,90,3/12/2021,$4.45 
2301,95,1735,10/9/2022,$6.07 
2302,67,1601,5/11/2023,$9.92 
2303,82,1787,7/7/2020,$2.18 
2304,33,205,3/25/2022,$7.13 
2305,55,674,7/10/2020,$2.15 
2306,44,1607,4/18/2022,$0.96 
2307,81,1697,2/19/2022,$2.37 
2308,41,947,11/7/2020,$1.62 
2309,84,1462,6/7/2022,$3.42 
2310,85,867,6/15/2022,$0.83 
2311,77,519,12/7/2021,$1.25 
2312,82,1109,9/20/2020,$7.65 
2313,11,1381,4/28/2023,$0.68 
2314,19,1163,8/27/2022,$3.26 
2315,12,927,3/14/2022,$2.05 
2316,38,820,8/17/2020,$8.34 
2317,99,938,12/2/2020,$0.17 
2318,45,672,10/26/2020,$6.13 
2319,96,43,1/8/2023,$9.93 
2320,80,1832,1/13/2022,$3.20 
2321,67,998,3/5/2023,$1.82 
2322,21,418,5/30/2023,$3.04 
2323,61,1150,11/2/2020,$10.00 
2324,26,900,8/7/2022,$3.10 
2325,67,1705,5/10/2022,$5.06 
2326,33,1485,1/19/2022,$9.15 
2327,33,890,2/15/2022,$1.23 
2328,28,939,9/15/2021,$4.49 
2329,81,1166,9/4/2022,$5.97 
2330,58,778,8/10/2020,$9.18 
2331,14,1104,11/20/2021,$0.51 
2332,44,1191,10/24/2022,$7.29 
2333,88,194,4/30/2022,$2.59 
2334,63,141,12/9/2020,$8.19 
2335,69,1204,10/12/2021,$4.44 
2336,93,226,5/16/2022,$2.69 
2337,21,1141,11/2/2021,$3.39 
2338,55,418,2/19/2022,$2.24 
2339,31,803,9/24/2022,$8.96 
2340,84,191,11/27/2021,$1.28 
2341,46,659,5/12/2022,$5.37 
2342,37,863,1/5/2021,$0.80 
2343,56,952,11/6/2021,$2.12 
2344,98,1169,9/16/2022,$5.45 
2345,10,1675,9/26/2021,$0.91 
2346,20,1705,10/17/2020,$4.56 
2347,23,1671,5/26/2022,$0.41 
2348,31,586,6/5/2023,$2.04 
2349,43,983,8/11/2020,$9.56 
2350,33,447,6/17/2023,$3.18 
2351,91,1084,7/15/2022,$3.42 
2352,29,186,1/22/2022,$4.06 
2353,96,1640,4/4/2022,$9.34 
2354,63,341,6/9/2021,$2.06 
2355,23,481,3/7/2023,$0.55 
2356,92,1435,1/2/2023,$6.32 
2357,32,102,12/20/2022,$0.77 
2358,81,313,10/14/2022,$3.57 
2359,77,1366,8/15/2022,$9.91 
2360,13,3,7/14/2021,$5.30 
2361,93,821,7/17/2022,$3.19 
2362,76,144,2/8/2023,$4.77 
2363,89,472,1/29/2021,$4.84 
2364,98,1491,10/17/2022,$1.78 
2365,40,1252,7/12/2022,$1.31 
2366,66,1137,9/16/2021,$3.37 
2367,34,1177,12/1/2022,$3.60 
2368,46,1413,3/3/2021,$1.06 
2369,93,247,2/5/2022,$4.87 
2370,47,319,9/28/2022,$4.87 
2371,42,1468,8/6/2020,$8.08 
2372,33,1533,6/22/2022,$3.32 
2373,82,881,1/31/2022,$8.76 
2374,56,1339,5/29/2022,$3.75 
2375,47,91,3/30/2023,$1.37 
2376,52,1319,3/24/2021,$1.89 
2377,75,603,12/5/2022,$6.51 
2378,37,1317,8/1/2020,$6.50 
2379,11,673,9/26/2021,$3.29 
2380,78,756,2/18/2023,$4.63 
2381,18,1386,9/14/2022,$2.69 
2382,20,1865,3/27/2021,$4.39 
2383,79,788,8/17/2022,$2.39 
2384,44,832,1/28/2022,$3.42 
2385,57,943,3/1/2023,$0.49 
2386,68,1416,12/22/2022,$9.87 
2387,91,1574,5/30/2022,$6.39 
2388,94,1785,5/6/2021,$6.34 
2389,17,1330,12/24/2020,$6.42 
2390,44,1822,7/8/2022,$2.77 
2391,98,565,2/15/2021,$8.03 
2392,42,836,6/18/2023,$8.18 
2393,92,213,10/30/2022,$7.75 
2394,72,1487,8/13/2020,$2.08 
2395,65,1350,8/30/2020,$7.78 
2396,31,163,12/28/2020,$0.50 
2397,94,48,2/23/2022,$5.77 
2398,18,180,3/1/2022,$6.19 
2399,60,467,10/30/2020,$4.94 
2400,17,1751,4/16/2023,$8.36 
2401,76,1541,2/4/2022,$1.67 
2402,84,779,6/29/2023,$0.56 
2403,45,821,8/11/2022,$0.94 
2404,65,320,3/25/2021,$7.85 
2405,93,599,6/5/2021,$3.78 
2406,29,1689,10/10/2021,$9.86 
2407,46,1137,3/24/2023,$1.92 
2408,19,1025,8/14/2021,$2.25 
2409,75,1360,8/8/2020,$1.68 
2410,43,1853,5/19/2022,$0.86 
2411,75,842,3/26/2022,$4.63 
2412,91,1395,4/17/2023,$2.55 
2413,62,1083,7/10/2021,$9.10 
2414,28,416,12/5/2022,$8.11 
2415,68,1068,5/19/2021,$3.60 
2416,44,61,7/3/2020,$9.10 
2417,76,3,7/19/2021,$7.19 
2418,15,1019,10/3/2020,$1.58 
2419,47,658,7/4/2020,$3.73 
2420,84,908,7/5/2020,$8.53 
2421,94,424,4/26/2023,$4.41 
2422,29,1666,6/23/2021,$5.32 
2423,96,974,4/11/2022,$6.93 
2424,43,1869,10/6/2022,$3.84 
2425,26,446,4/13/2021,$0.46 
2426,64,692,7/3/2021,$4.74 
2427,41,1112,6/9/2021,$1.74 
2428,57,1502,5/19/2022,$0.92 
2429,36,151,1/25/2022,$7.66 
2430,76,1330,4/15/2023,$8.85 
2431,55,385,7/31/2020,$7.36 
2432,94,1149,5/10/2021,$2.91 
2433,26,1303,4/18/2021,$4.97 
2434,92,905,3/18/2022,$9.45 
2435,94,447,10/12/2020,$3.05 
2436,98,1198,8/13/2020,$1.32 
2437,12,500,4/19/2022,$3.78 
2438,78,1747,9/30/2020,$2.48 
2439,55,1774,2/12/2023,$4.85 
2440,68,1721,2/9/2022,$9.01 
2441,86,930,11/24/2020,$6.63 
2442,73,646,9/10/2020,$8.94 
2443,96,1637,9/13/2022,$5.64 
2444,25,1735,6/7/2021,$6.55 
2445,14,817,1/5/2022,$6.50 
2446,68,414,5/10/2021,$0.57 
2447,75,548,6/22/2023,$7.23 
2448,86,361,8/12/2021,$4.10 
2449,32,465,10/22/2020,$3.21 
2450,15,1516,2/22/2023,$9.06 
2451,75,1001,10/2/2021,$7.47 
2452,58,1133,2/1/2023,$4.04 
2453,12,66,8/30/2021,$3.67 
2454,30,338,6/16/2023,$6.33 
2455,59,1451,5/14/2021,$0.15 
2456,66,1549,6/30/2022,$6.57 
2457,48,1801,12/5/2021,$0.87 
2458,18,1235,12/17/2021,$1.74 
2459,62,1279,3/17/2022,$5.51 
2460,89,1140,2/26/2022,$3.05 
2461,38,719,9/16/2022,$7.44 
2462,87,1858,1/22/2021,$4.11 
2463,35,634,6/1/2023,$7.48 
2464,84,1034,5/8/2023,$2.85 
2465,30,1378,10/26/2021,$0.07 
2466,15,924,9/6/2020,$7.40 
2467,67,1584,3/1/2022,$4.80 
2468,55,1585,5/12/2022,$5.19 
2469,80,835,5/14/2023,$1.49 
2470,57,1631,11/29/2020,$8.58 
2471,55,389,6/29/2022,$3.76 
2472,10,572,3/8/2022,$6.49 
2473,69,1109,8/30/2021,$3.92 
2474,61,1240,6/12/2023,$9.67 
2475,16,1803,6/8/2022,$8.25 
2476,96,993,8/19/2020,$6.28 
2477,75,1722,7/16/2022,$9.12 
2478,38,1442,2/17/2021,$7.99 
2479,91,876,9/12/2020,$8.78 
2480,41,19,3/23/2022,$6.58 
2481,72,686,7/2/2020,$9.21 
2482,74,1450,2/6/2022,$9.45 
2483,95,453,3/26/2021,$7.34 
2484,58,473,4/28/2023,$3.87 
2485,38,289,7/13/2020,$8.75 
2486,20,1696,10/18/2022,$7.71 
2487,10,1703,5/17/2022,$1.79 
2488,20,1076,5/3/2021,$2.34 
2489,57,1207,8/2/2020,$6.10 
2490,72,710,10/20/2020,$8.04 
2491,59,882,2/3/2021,$3.42 
2492,97,235,3/2/2023,$3.44 
2493,60,277,8/17/2021,$8.48 
2494,49,207,12/24/2021,$4.76 
2495,34,1756,3/15/2021,$5.05 
2496,22,735,9/11/2020,$2.62 
2497,64,1322,9/24/2020,$1.76 
2498,21,1519,10/12/2022,$2.39 
2499,11,1504,7/23/2020,$6.48 
2500,58,1621,9/23/2022,$8.92 
2501,39,1545,12/14/2020,$6.75 
2502,58,526,6/2/2021,$9.37 
2503,57,384,7/31/2020,$4.28 
2504,69,878,8/3/2022,$6.03 
2505,39,792,1/22/2022,$2.21 
2506,64,703,12/13/2021,$2.72 
2507,64,95,8/30/2021,$2.72 
2508,41,838,7/25/2022,$4.24 
2509,76,900,7/11/2020,$2.17 
2510,46,1413,8/3/2021,$2.06 
2511,35,1279,11/5/2021,$8.21 
2512,90,1700,12/5/2022,$7.20 
2513,27,465,12/29/2020,$0.71 
2514,44,117,1/17/2021,$2.36 
2515,14,701,2/19/2022,$2.82 
2516,75,1614,6/22/2023,$8.24 
2517,17,1179,4/12/2021,$8.15 
2518,59,1760,7/21/2021,$7.52 
2519,35,270,9/23/2021,$2.97 
2520,91,298,2/10/2023,$6.24 
2521,60,916,4/22/2023,$2.37 
2522,46,180,2/26/2023,$6.00 
2523,49,1216,5/18/2023,$3.51 
2524,21,695,6/7/2022,$2.22 
2525,73,260,9/3/2022,$8.00 
2526,29,662,5/18/2021,$2.94 
2527,76,1782,6/13/2021,$8.26 
2528,59,1525,4/16/2022,$7.43 
2529,45,219,9/14/2021,$3.07 
2530,71,1735,3/5/2022,$2.33 
2531,64,1668,10/23/2022,$4.38 
2532,28,1402,8/3/2022,$1.10 
2533,90,1690,1/27/2023,$1.14 
2534,74,1118,4/13/2023,$1.89 
2535,36,698,5/5/2022,$2.98 
2536,58,484,7/19/2021,$7.55 
2537,80,175,9/26/2022,$3.44 
2538,23,934,8/25/2021,$6.93 
2539,61,694,12/27/2021,$2.49 
2540,92,786,2/20/2022,$0.43 
2541,27,724,5/23/2023,$4.58 
2542,97,34,3/20/2021,$9.98 
2543,72,1465,7/16/2020,$4.99 
2544,97,1745,6/4/2022,$8.18 
2545,33,1271,2/17/2022,$4.42 
2546,33,1346,1/13/2023,$9.95 
2547,75,1141,9/2/2020,$9.15 
2548,56,602,12/25/2021,$9.71 
2549,97,1048,8/9/2020,$1.83 
2550,72,1170,4/14/2022,$5.39 
2551,98,1712,7/17/2021,$0.04 
2552,64,479,8/16/2022,$1.07 
2553,13,1237,7/25/2022,$9.37 
2554,30,1717,5/3/2021,$6.56 
2555,42,1558,4/27/2022,$6.15 
2556,95,1354,12/21/2021,$1.24 
2557,98,37,7/17/2022,$1.53 
2558,32,14,12/11/2021,$8.69 
2559,52,466,5/5/2021,$7.88 
2560,88,1345,4/6/2023,$4.85 
2561,10,136,4/28/2022,$7.06 
2562,86,1591,8/20/2022,$1.82 
2563,45,1648,2/7/2021,$1.80 
2564,97,1804,2/18/2021,$9.68 
2565,19,175,2/11/2021,$3.65 
2566,39,1644,8/2/2021,$4.24 
2567,26,1645,7/19/2021,$8.08 
2568,48,1004,3/22/2023,$1.03 
2569,71,779,11/11/2020,$7.14 
2570,66,1450,10/14/2021,$3.33 
2571,45,1585,12/17/2022,$8.51 
2572,50,1408,12/28/2021,$6.94 
2573,82,1075,9/2/2021,$5.95 
2574,35,578,4/22/2022,$2.39 
2575,75,633,12/20/2022,$9.03 
2576,76,1874,1/3/2021,$7.48 
2577,31,1022,7/6/2022,$7.52 
2578,70,935,11/16/2021,$6.61 
2579,69,1033,5/9/2022,$2.35 
2580,16,1868,1/4/2022,$5.94 
2581,39,1188,4/10/2023,$1.80 
2582,15,1857,3/23/2022,$5.82 
2583,60,126,12/26/2020,$9.99 
2584,72,214,11/12/2021,$0.06 
2585,85,886,9/11/2022,$3.99 
2586,71,1222,7/30/2022,$8.22 
2587,92,86,3/10/2021,$3.98 
2588,68,596,6/12/2023,$5.24 
2589,95,18,12/6/2022,$5.93 
2590,65,431,1/7/2021,$5.20 
2591,73,801,7/25/2021,$9.98 
2592,92,6,5/25/2022,$1.08 
2593,73,927,10/13/2021,$7.62 
2594,18,531,10/31/2020,$4.24 
2595,77,1361,12/28/2021,$2.67 
2596,42,443,8/14/2022,$5.72 
2597,55,1021,12/22/2021,$5.29 
2598,60,390,9/1/2021,$9.37 
2599,64,1527,6/24/2022,$7.22 
2600,61,621,3/29/2021,$6.08 
2601,16,103,8/1/2020,$4.07 
2602,36,847,7/4/2020,$7.19 
2603,34,1253,11/28/2020,$9.42 
2604,78,301,2/10/2023,$2.52 
2605,85,908,7/25/2021,$0.11 
2606,66,907,8/27/2022,$0.64 
2607,70,1622,12/8/2021,$8.29 
2608,35,821,9/16/2021,$2.48 
2609,92,258,12/27/2021,$6.43 
2610,35,1718,10/13/2022,$7.72 
2611,90,426,12/12/2021,$5.97 
2612,17,322,2/24/2023,$9.02 
2613,81,1253,5/31/2022,$1.63 
2614,95,976,5/4/2022,$8.62 
2615,79,1755,10/5/2021,$3.96 
2616,34,1166,12/9/2021,$4.60 
2617,80,805,4/18/2023,$3.81 
2618,14,274,7/12/2020,$2.55 
2619,23,1219,10/2/2021,$8.28 
2620,64,1659,3/3/2021,$5.20 
2621,88,776,5/27/2023,$6.98 
2622,72,1555,10/22/2020,$3.11 
2623,32,73,12/18/2020,$6.89 
2624,68,1342,9/2/2020,$5.64 
2625,34,511,9/9/2022,$9.61 
2626,98,1387,12/21/2021,$0.40 
2627,14,666,12/3/2022,$8.55 
2628,76,463,12/23/2020,$8.81 
2629,97,1105,1/3/2023,$5.14 
2630,66,1459,2/26/2021,$5.54 
2631,61,315,7/4/2021,$9.25 
2632,43,1853,7/7/2021,$7.30 
2633,20,1850,5/10/2021,$3.62 
2634,96,1603,1/5/2023,$6.48 
2635,17,1100,6/14/2023,$5.78 
2636,92,360,3/12/2023,$4.62 
2637,86,754,12/27/2020,$3.87 
2638,72,534,9/22/2020,$9.20 
2639,80,1449,11/14/2020,$1.96 
2640,98,1577,3/13/2023,$0.15 
2641,53,354,10/2/2022,$8.99 
2642,45,1480,6/16/2022,$9.19 
2643,86,1522,7/19/2020,$1.35 
2644,79,837,11/30/2020,$3.81 
2645,97,1133,1/12/2021,$2.66 
2646,36,325,9/20/2021,$2.67 
2647,51,1726,1/1/2023,$0.22 
2648,55,560,3/2/2021,$5.49 
2649,90,662,1/22/2021,$6.34 
2650,73,1527,11/14/2020,$6.11 
2651,64,514,9/22/2021,$5.52 
2652,42,1152,5/3/2023,$3.11 
2653,30,755,2/6/2021,$6.10 
2654,75,1134,3/26/2021,$4.12 
2655,60,1795,7/26/2021,$4.38 
2656,85,409,8/21/2022,$2.59 
2657,35,1373,10/18/2022,$7.79 
2658,71,1506,12/4/2022,$4.34 
2659,41,1642,10/20/2022,$8.07 
2660,21,1859,6/26/2021,$2.29 
2661,94,258,5/23/2021,$0.93 
2662,80,1096,6/28/2023,$7.54 
2663,10,1011,7/12/2022,$1.44 
2664,40,575,5/20/2023,$1.91 
2665,47,1574,7/28/2021,$8.79 
2666,80,944,8/5/2020,$0.54 
2667,95,1180,10/29/2021,$9.11 
2668,33,1532,5/6/2021,$4.55 
2669,60,458,5/27/2022,$0.82 
2670,90,1353,5/20/2021,$3.66 
2671,63,1496,5/29/2022,$1.70 
2672,51,986,8/22/2022,$2.44 
2673,21,1441,12/19/2020,$2.79 
2674,70,1209,6/29/2021,$7.77 
2675,94,1166,10/8/2022,$4.61 
2676,80,1004,3/6/2022,$3.85 
2677,88,47,4/26/2023,$7.17 
2678,59,738,10/3/2020,$4.75 
2679,22,61,5/29/2021,$9.42 
2680,36,1240,7/1/2022,$9.72 
2681,89,1043,5/5/2021,$6.51 
2682,71,16,9/4/2021,$6.11 
2683,60,801,9/27/2021,$4.28 
2684,89,591,1/17/2022,$6.43 
2685,99,642,3/31/2021,$4.73 
2686,17,986,5/8/2021,$8.36 
2687,96,416,5/29/2022,$1.56 
2688,62,676,2/13/2022,$3.22 
2689,50,231,8/3/2022,$8.35 
2690,87,1262,2/11/2023,$9.21 
2691,40,1569,4/27/2021,$6.31 
2692,59,1215,6/3/2022,$3.43 
2693,57,1651,10/5/2020,$4.88 
2694,58,1865,11/1/2022,$4.59 
2695,37,1476,7/14/2020,$9.44 
2696,88,1458,2/8/2023,$5.64 
2697,88,328,1/3/2022,$8.49 
2698,67,1104,8/15/2022,$7.90 
2699,10,1231,6/1/2023,$3.47 
2700,75,436,10/6/2022,$6.30 
2701,50,352,8/3/2022,$1.49 
2702,62,784,6/21/2021,$6.70 
2703,41,232,3/18/2021,$0.32 
2704,63,649,10/20/2020,$5.71 
2705,16,219,3/19/2021,$5.21 
2706,91,1245,12/26/2022,$9.68 
2707,56,1545,8/21/2021,$9.35 
2708,86,353,3/31/2022,$6.04 
2709,92,1646,4/3/2022,$0.86 
2710,86,1568,2/26/2021,$4.13 
2711,13,717,4/30/2022,$4.65 
2712,14,1147,10/29/2020,$9.23 
2713,56,1795,4/5/2022,$1.57 
2714,25,1757,7/22/2022,$9.60 
2715,24,931,3/14/2021,$2.62 
2716,32,1380,6/23/2022,$8.20 
2717,56,1464,3/8/2022,$9.27 
2718,73,1077,6/19/2021,$4.76 
2719,13,1413,8/17/2020,$4.49 
2720,25,1239,5/15/2023,$1.39 
2721,86,1632,3/8/2023,$7.97 
2722,76,373,9/1/2022,$4.00 
2723,24,933,1/22/2021,$8.82 
2724,31,925,9/17/2022,$8.55 
2725,83,1780,5/4/2021,$0.96 
2726,62,556,12/4/2022,$4.98 
2727,90,1526,1/6/2021,$2.52 
2728,75,1496,2/25/2023,$3.28 
2729,45,1750,10/23/2020,$7.79 
2730,98,303,9/21/2021,$6.47 
2731,81,1602,12/15/2021,$3.14 
2732,47,140,11/23/2021,$0.65 
2733,72,1719,12/20/2022,$1.56 
2734,26,1607,9/12/2020,$0.89 
2735,11,1401,5/30/2022,$0.21 
2736,40,253,12/19/2022,$0.38 
2737,46,634,9/21/2021,$0.23 
2738,18,458,5/24/2021,$6.64 
2739,98,888,10/21/2022,$1.05 
2740,28,1336,5/12/2023,$0.61 
2741,57,731,12/12/2020,$0.61 
2742,36,851,11/4/2021,$6.18 
2743,81,1384,12/12/2020,$7.59 
2744,52,482,3/29/2021,$5.72 
2745,51,1466,3/28/2022,$1.36 
2746,29,1569,3/14/2022,$2.84 
2747,66,852,11/19/2022,$9.30 
2748,63,1406,2/16/2021,$6.01 
2749,18,1457,3/28/2022,$7.32 
2750,28,1566,1/23/2021,$6.00 
2751,38,351,6/26/2023,$1.22 
2752,38,335,3/9/2021,$2.22 
2753,43,1701,11/15/2022,$4.49 
2754,19,155,6/16/2021,$6.13 
2755,65,1079,1/13/2021,$3.42 
2756,98,1725,10/12/2021,$7.74 
2757,77,1217,8/7/2020,$4.18 
2758,77,113,8/28/2022,$9.57 
2759,42,433,5/20/2021,$1.47 
2760,87,1221,8/16/2021,$6.42 
2761,23,1349,12/30/2020,$9.07 
2762,56,1344,2/19/2021,$1.78 
2763,10,563,8/18/2022,$8.96 
2764,46,1271,5/27/2023,$9.87 
2765,63,635,1/23/2023,$6.37 
2766,84,1067,7/31/2021,$2.55 
2767,61,1301,9/26/2020,$1.95 
2768,75,553,8/6/2020,$1.26 
2769,35,1672,2/24/2022,$7.83 
2770,12,894,7/31/2021,$2.95 
2771,19,391,12/13/2021,$4.14 
2772,42,569,4/5/2022,$1.76 
2773,22,225,6/26/2021,$2.42 
2774,22,350,5/3/2022,$0.05 
2775,95,1854,5/14/2022,$4.54 
2776,42,842,9/24/2021,$9.70 
2777,47,844,7/14/2021,$1.73 
2778,23,1735,3/30/2022,$1.18 
2779,25,383,6/21/2023,$0.84 
2780,44,398,9/25/2021,$1.69 
2781,79,1565,5/28/2022,$7.55 
2782,11,840,1/16/2021,$8.40 
2783,60,1296,1/28/2022,$4.00 
2784,33,446,4/30/2022,$5.41 
2785,42,991,6/4/2023,$1.42 
2786,74,1837,10/20/2020,$8.55 
2787,77,751,7/16/2020,$8.58 
2788,49,1107,1/8/2021,$5.84 
2789,18,270,8/10/2021,$0.62 
2790,37,207,9/20/2020,$2.99 
2791,13,911,9/28/2021,$6.96 
2792,98,112,6/30/2021,$3.11 
2793,46,75,5/11/2021,$1.89 
2794,11,1188,10/15/2020,$0.99 
2795,57,1209,11/22/2022,$9.66 
2796,50,1401,5/12/2022,$9.07 
2797,20,373,4/18/2023,$7.10 
2798,99,72,1/22/2022,$2.13 
2799,91,1174,10/24/2022,$9.65 
2800,72,448,4/23/2021,$1.81 
2801,36,80,3/3/2023,$3.20 
2802,52,310,8/6/2021,$4.55 
2803,80,263,3/29/2023,$5.78 
2804,34,614,10/19/2022,$7.63 
2805,25,1134,4/20/2023,$0.87 
2806,97,1806,12/6/2022,$6.83 
2807,10,798,2/14/2022,$9.34 
2808,80,760,7/3/2022,$8.02 
2809,50,1390,2/2/2022,$7.21 
2810,35,942,5/2/2022,$9.21 
2811,24,1746,8/27/2021,$7.20 
2812,98,935,5/29/2021,$0.53 
2813,54,1478,5/26/2023,$8.54 
2814,38,1282,10/23/2021,$8.11 
2815,49,384,8/23/2021,$5.03 
2816,90,1193,6/21/2021,$7.52 
2817,24,1381,11/21/2022,$1.62 
2818,53,440,6/26/2021,$3.33 
2819,29,1321,3/2/2023,$5.60 
2820,99,1234,11/3/2020,$0.27 
2821,63,421,3/5/2021,$7.27 
2822,81,871,1/15/2023,$3.41 
2823,31,477,3/6/2022,$9.84 
2824,50,1438,9/10/2022,$8.92 
2825,93,896,4/25/2023,$8.90 
2826,57,1790,6/26/2022,$4.90 
2827,31,878,5/12/2022,$5.58 
2828,83,792,12/18/2022,$4.02 
2829,53,1373,11/23/2020,$4.78 
2830,39,683,12/17/2022,$7.02 
2831,41,627,1/11/2021,$5.31 
2832,16,547,7/5/2022,$2.04 
2833,96,156,1/13/2023,$4.65 
2834,28,1150,12/17/2022,$8.91 
2835,42,149,10/7/2021,$9.81 
2836,66,1034,11/30/2021,$1.88 
2837,78,1854,7/23/2020,$0.43 
2838,53,1237,10/8/2022,$1.45 
2839,91,986,10/28/2021,$4.07 
2840,38,1769,10/15/2020,$2.06 
2841,84,1796,2/4/2022,$9.78 
2842,98,841,10/12/2021,$5.64 
2843,24,493,3/14/2021,$6.56 
2844,46,656,1/26/2023,$1.80 
2845,72,1103,12/29/2022,$2.65 
2846,68,1125,1/6/2023,$4.86 
2847,45,1227,7/22/2021,$9.15 
2848,33,411,6/9/2023,$7.34 
2849,65,1316,1/16/2023,$4.60 
2850,55,1131,11/28/2022,$1.47 
2851,39,576,7/10/2022,$3.99 
2852,56,1626,6/18/2021,$3.54 
2853,71,1633,7/12/2020,$2.11 
2854,84,1580,4/28/2022,$3.05 
2855,90,1060,12/17/2021,$9.72 
2856,90,1411,11/6/2021,$9.22 
2857,46,1089,3/27/2023,$9.68 
2858,87,1286,8/31/2021,$5.93 
2859,70,634,3/26/2023,$6.72 
2860,77,462,1/24/2021,$4.61 
2861,91,723,4/16/2022,$7.45 
2862,43,1848,5/25/2021,$1.80 
2863,57,912,10/6/2021,$1.29 
2864,72,179,2/24/2022,$2.36 
2865,48,466,2/2/2022,$4.44 
2866,63,1678,10/10/2020,$1.53 
2867,93,527,6/7/2023,$8.30 
2868,99,1343,10/16/2022,$9.55 
2869,75,1013,6/26/2021,$2.65 
2870,22,1407,9/28/2022,$0.68 
2871,29,1757,1/6/2022,$7.48 
2872,94,1598,1/15/2022,$2.71 
2873,37,1094,3/3/2021,$6.56 
2874,64,1692,9/30/2021,$8.65 
2875,74,328,11/8/2021,$8.10 
2876,14,1737,12/21/2021,$1.16 
2877,80,1686,11/23/2022,$3.44 
2878,15,1246,4/15/2022,$7.79 
2879,15,978,10/19/2020,$7.49 
2880,82,677,12/23/2022,$8.19 
2881,48,210,11/1/2022,$4.32 
2882,82,405,6/9/2021,$6.62 
2883,61,1015,9/10/2022,$2.63 
2884,48,1430,2/7/2021,$3.46 
2885,95,72,8/5/2022,$7.69 
2886,14,498,9/8/2020,$9.53 
2887,42,877,10/21/2020,$8.20 
2888,91,1012,10/14/2021,$1.82 
2889,83,8,5/5/2023,$6.27 
2890,60,682,3/17/2023,$9.33 
2891,61,1856,6/25/2021,$3.56 
2892,37,65,6/23/2021,$1.66 
2893,72,473,8/21/2020,$4.90 
2894,30,1152,10/28/2021,$4.91 
2895,19,1074,2/23/2023,$1.44 
2896,69,590,7/16/2021,$9.45 
2897,90,1413,12/22/2020,$3.63 
2898,75,1274,6/19/2021,$7.34 
2899,15,659,4/24/2022,$7.34 
2900,88,805,12/15/2021,$6.25 
2901,17,729,4/11/2021,$2.45 
2902,26,1062,2/25/2023,$2.76 
2903,50,1720,4/29/2023,$3.10 
2904,13,1270,1/14/2021,$0.38 
2905,86,890,11/13/2022,$4.65 
2906,36,472,1/4/2022,$5.13 
2907,70,584,8/27/2020,$0.80 
2908,14,1686,4/17/2023,$9.44 
2909,40,380,9/24/2020,$6.20 
2910,66,606,9/7/2021,$3.76 
2911,75,1396,5/16/2021,$2.70 
2912,61,1581,9/22/2022,$9.75 
2913,11,992,1/21/2023,$6.70 
2914,33,1334,7/18/2022,$5.87 
2915,93,720,6/6/2021,$9.54 
2916,99,1275,3/21/2021,$1.24 
2917,34,738,4/19/2022,$8.95 
2918,27,1518,2/25/2021,$2.74 
2919,81,931,12/12/2022,$9.70 
2920,20,1845,11/8/2022,$2.92 
2921,69,86,12/12/2021,$6.36 
2922,53,50,6/2/2021,$5.06 
2923,40,486,12/23/2022,$4.68 
2924,46,163,6/21/2021,$1.31 
2925,99,1582,2/12/2022,$1.81 
2926,63,1840,3/20/2022,$4.42 
2927,33,188,10/1/2020,$4.89 
2928,75,7,7/6/2020,$0.16 
2929,70,109,11/15/2020,$6.11 
2930,20,917,3/7/2023,$9.35 
2931,45,488,5/21/2022,$9.61 
2932,59,199,12/29/2020,$3.09 
2933,93,585,7/15/2020,$3.53 
2934,15,624,6/21/2021,$1.88 
2935,75,786,4/4/2022,$6.62 
2936,17,585,8/26/2022,$6.22 
2937,16,735,5/9/2023,$2.17 
2938,64,433,3/24/2022,$4.43 
2939,41,1172,4/2/2021,$8.69 
2940,47,1632,2/4/2022,$4.29 
2941,49,729,11/26/2022,$9.43 
2942,17,1490,3/30/2021,$7.71 
2943,17,1461,9/17/2020,$3.72 
2944,94,361,2/19/2022,$5.37 
2945,97,1326,3/1/2022,$6.89 
2946,45,235,12/30/2021,$4.21 
2947,50,1140,4/12/2023,$9.32 
2948,43,1640,11/2/2022,$8.96 
2949,88,1477,9/12/2022,$8.14 
2950,64,576,3/10/2022,$6.76 
2951,47,928,12/24/2020,$0.12 
2952,38,865,4/27/2022,$6.67 
2953,40,289,4/9/2023,$2.03 
2954,42,9,4/30/2021,$5.66 
2955,11,1226,6/13/2021,$3.96 
2956,56,13,4/3/2022,$9.54 
2957,85,1380,3/7/2022,$4.05 
2958,37,543,8/31/2022,$6.67 
2959,40,102,8/9/2020,$6.49 
2960,21,437,4/26/2022,$7.66 
2961,95,359,12/14/2022,$2.16 
2962,70,1729,5/18/2022,$4.30 
2963,82,325,6/28/2022,$5.33 
2964,61,220,9/13/2021,$2.08 
2965,28,319,7/9/2021,$4.36 
2966,88,932,11/7/2021,$4.51 
2967,60,1477,4/30/2022,$9.82 
2968,81,29,1/28/2021,$7.38 
2969,28,738,9/9/2020,$0.75 
2970,68,325,6/25/2023,$1.23 
2971,64,861,2/3/2023,$6.92 
2972,18,979,1/31/2022,$1.41 
2973,90,840,5/24/2022,$5.46 
2974,79,1359,12/20/2022,$0.70 
2975,43,1866,8/8/2020,$1.33 
2976,52,1326,4/18/2021,$2.78 
2977,53,360,10/24/2021,$0.62 
2978,38,1812,3/28/2022,$1.39 
2979,60,242,4/30/2022,$4.93 
2980,64,1637,7/4/2020,$7.78 
2981,41,1635,10/1/2020,$5.11 
2982,73,803,12/15/2020,$5.63 
2983,78,644,1/15/2021,$7.04 
2984,96,951,12/27/2020,$5.34 
2985,77,758,10/17/2020,$8.20 
2986,89,1416,5/21/2023,$1.15 
2987,80,187,2/22/2023,$4.88 
2988,51,16,12/30/2020,$1.72 
2989,50,102,9/25/2021,$1.85 
2990,99,386,6/18/2021,$8.56 
2991,59,792,1/7/2021,$9.02 
2992,45,1119,1/9/2022,$4.55 
2993,36,1643,3/24/2023,$4.80 
2994,41,1024,8/7/2022,$7.73 
2995,41,1312,9/5/2020,$5.52 
2996,76,121,1/28/2022,$0.72 
2997,56,588,11/23/2022,$9.16 
2998,99,1381,7/14/2022,$7.77 
2999,74,1582,3/15/2021,$8.99 
3000,84,1591,6/30/2021,$7.63 
